TestName,Technology,Disable,Production,Audit,Thread,Policy,Loop,Sample,SOF,Condition,Notes
enableSampling,Process,Y,Y,,,,,,,,
LED_INPROGRESS_ON,Fixture,,Y,,,,,,,,
Head,Fixture,,Y,,,,,,,,
HardwareCheck,Fixture,,Y,,,,,,,,
SoftwareCheck,Fixture,,Y,,,,,,,,
GeneralAction,Fixture,,Y,,,,,,,,
HardwareCheck_1,Fixture,,Y,,,,,,,,
SoftwareCheck_1,Fixture,,Y,,,,,,,,
HardwareCheck_2,Fixture,,Y,,,,,,,,
Discharge_Initial,Power,,Y,,,,,,,,
VoltageCheck_Safety_VBAT0V8,Power,,Y,,,,,,,,
Discharge_Initial_1,Power,,Y,,,,,,,,
VoltageCheck_Safety_VBUS1V25,Power,,Y,,,,,,,,
Discharge-Initial_2,Power,,Y,,,,,,,,
VoltageCheck_Safety_VBAT4V3,Power,,Y,,,,,,,,
Discharge_BatteryFloat,Power,,Y,,,,,,,,
VoltageCheck_Safety_VBAT0V4,Power,,Y,,,,,,,,
VoltageCheck_Safety_VBUS5V,Power,,Y,,,,,,,,
Discharge_Initial_3,Power,,Y,,,,,,,,
VoltageCheck_Safety_VBUS5V_1,Power,,Y,,,,,,,,
On_Seq,Power,,Y,,,,,,,,
AceFWDL_SPI_VBAT4V3_VBUS5V,USBC,,Y,,,,,,,,
ForceDFU_VDM,USBC,,Y,,,,,,Y,,
Transition_Diags_DeadBattery2V5,Process,,Y,,,,,,Y,,
Syscfg_SanityCheck_MLBSN,DUTInfo,,Y,,,,,,,,
MLBSN,DUTInfo,,Y,,,,,,,,
StartProcessControl,Process,,Y,,,,,,,,
CB,Process,,Y,,,,,,,,
Transition_Diags_VBAT4V3,Process,,Y,,,,,,,,
GPIOCheck,PMU,,Y,,,,,,,,
Transition_Diags_VBAT4V3_1,Process,,Y,,,,,,,,
Switchover_VBUS5V_NoOrionPWR,Power,,Y,,,,,,,,
Button_Sera,PMU,,Y,,,,,,,,
ProjectCode,DUTInfo,,Y,,,,,,,,
Site,DUTInfo,,Y,,,,,,,,
BoardID,DUTInfo,,Y,,,,,,,,
BootConfig,DUTInfo,,Y,,,,,,,,
BoardRevision,DUTInfo,,Y,,,,,,,,
Info,SOC,,Y,,,,,,,,
Info_Sera,PMU,,Y,,,,,,,,
Info_Simetra,PMU,,Y,,,,,,,,
Info_Potomac,BatteryCharger,,Y,,,,,,,,
TestSetup,Fixture,,Y,,,,,,,,
AceOTPProgram,USBC,,Y,,,,,,,,
GPMLogic_HallSensors_Untriggered,Mic,,Y,,,,,,,,
GPMLogic_HallSensors_Triggered,Mic,,Y,,,,,,,,
GPMLogic_HallSensors_Untriggered_1,Mic,,Y,,,,,,,,
VoltageCheck_Active,Power,,Y,,,,,,,,
BoostEfficiency_VBAT4V3,Touch,,Y,,,,,,,,
BoostEfficiency_VBAT3V7_VBUSOff,Touch,,Y,,,,,,,,
Backlight_MinBrightness_PWMMode_VBAT4V3,Display,,Y,,,,,,,,
Backlight_MinBrightness_PWMMode_VBAT3V2,Display,,Y,,,,,,,,
Backlight_MinBrightness_PWMMode_VBAT4V3_1,Display,,Y,,,,,,,,
Backlight_MedBrightness_PWMMode_VBAT4V3,Display,,Y,,,,,,,,
Backlight_MaxBrightness_PWMMode_VBAT4V3,Display,,Y,,,,,,,,
Backlight_MaxBrightness_PWMMode_VBAT3V2,Display,,Y,,,,,,,,
Backlight_MaxBrightness_PWMMode_VBAT4V3_1,Display,,Y,,,,,,,,
ContactContamination_PWR_GND_150K_4uA,Orion,,Y,,,,,,,,
ContactContamination_Data_GND_150K_4uA,Orion,,Y,,,,,,,,
ContactContamination_Data_PWR_150K_4uA,Orion,,Y,,,,,,,,
ConsumerModeLSAIDcomms_PPVBUS_ORION_5V,Orion,,Y,,,,,,,,
GPIOCheck_1,PMU,,Y,,,,,,,,
ConsumerModeLSAIDcomms_PPVBUS_ORION_5V_1,Orion,,Y,,,,,,,,
SwitchOver_PPVBUS_ORION_5V_NoVBUS,Power,,Y,,,,,,,,
ConsumerModeADCRead_PPVBUS_ORION_5V,Orion,,Y,,,,,,,,
ConsumerModeCharging_PPVBUS_ORION_5V1A,Orion,,Y,,,,,,,,
ConsumerModeCharging_PPVBUS_ORION_9V3A,Orion,,Y,,,,,,,,
Switchover_PPVBUS_ORION_9V_NoVBUS,Power,,Y,,,,,,,,
ConsumerModeCharging_PPVBUS_ORION_9V3A_1,Orion,,Y,,,,,,,,
Switchover_PPVBUS_ORION_9V_VBUS5V,Power,,Y,,,,,,,,
ProviderModeLSAIDcomms_Boost5V,Orion,,Y,,,,,,,,
ProviderModeiLimit_Boost5V_CVEload0A,Orion,,Y,,,,,,,,
ProviderModeiLimit_Boost5V_CVEload50mA,Orion,,Y,,,,,,,,
ProviderModeiLimit_Boost5V_CVEload250mA,Orion,,Y,,,,,,,,
ProviderModeiLimit_Boost5V_CVEload500mA,Orion,,Y,,,,,,,,
ProviderModeiLimit_Boost5V_CVEload1000mA,Orion,,Y,,,,,,,,
ProviderModeiLimit_Boost5V_CVEload2000mA,Orion,,Y,,,,,,,,
BoostEfficiency_ProviderMode_VBAT4V3_BoostOff,Orion,,Y,,,,,,,,
ProviderModeOCP_Boost5V_CCEload2000mA,Orion,,Y,,,,,,,,
BoostEfficiency_ProviderMode_VBAT4V3_BoostOn,Orion,,Y,,,,,,,,
ProviderModeDCR_Boost5V_CCEload1500mA,Orion,,Y,,,,,,,,
AdcRead_IsolateMode_VBUS0V,Orion,,Y,,,,,,,,
ConsumerModeHSAIDcomms_PPVBUS_ORION_9V3A,Orion,,Y,,,,,,,,
FrequencyCheck,PMU,,Y,,,,,,,,
FrequencyCheck_1,SOC,,Y,,,,,,,,
BatteryChargeStatus_VBUS5V,BatteryCharger,,Y,,,,,,,,
BrickConnectStatus_VBUS5V,BatteryCharger,,Y,,,,,,,,
Button_Sera_HoldKey_PullDown,PMU,,Y,,,,,,,,
Button_Sera_VolumeUp_PullDown,PMU,,Y,,,,,,,,
Button_Sera_VolumeDown_PullDown,PMU,,Y,,,,,,,,
BatteryTemperatureSense_Normal,BatteryCharger,,Y,,,,,,,,
BatteryTemperatureSense_Hot,BatteryCharger,,Y,,,,,,,,
BatteryTemperatureSense_Cold,BatteryCharger,,Y,,,,,,,,
BatteryTemperatureSense_Normal_1,BatteryCharger,,Y,,,,,,,,
CurrentCheck_Battery_VBAT4V3_NoVBUS_WIFIBTBBOff,Power,,Y,,,,,,,,
CurrentCheck_Battery_VBAT4V3_NoVBUS_WIFIBTOn_BBOff,Power,,Y,,,,,,,,
CurrentCheck_Battery_VBAT4V3_NoVBUS_WIFIOn_BTOff_BBOn,Power,,Y,,,,,,,,
CurrentCheck_Battery_VBAT4V3_NoVBUS_WIFIBTBBOn,Power,,Y,,,,,,,,
CurrentCheck_Battery_VBAT4V3_NoVBUS_WIFIOn_BTOff_BBOn_1,Power,,Y,,,,,,,,
CurrentCheck_Battery_VBAT4V3_NoVBUS_WIFIBTOff_BBOn,Power,,Y,,,,,,,,
CurrentCheck_Battery_VBAT4V3_NoVBUS_WIFIBTBBOff_1,Power,,Y,,,,,,,,
CurrentCheck_Battery_VBAT4V3_NoVBUS,Power,,Y,,,,,,,,
TrickleCharge_VBUS5V_VBAT2V8,BatteryCharger,,Y,,,,,,,,
TrickleCharge_VBUS5V_VBAT3V2,BatteryCharger,,Y,,,,,,,,
ChargeModeThreshold_VBUS5V_IBATT2000mA,BatteryCharger,,Y,,,,,,,,
ChargeModeThreshold_VBUS5V,BatteryCharger,,Y,,,,,,,,
StopCharge_VBUS5V,BatteryCharger,,Y,,,,,,,,
BatteryRechargeThreshold_VBUS5V,BatteryCharger,,Y,,,,,,,,
Temperature,SOC,,Y,,,,,,,,
Temperature_Sera,PMU,,Y,,,,,,,,
Temperature_Simetra,PMU,,Y,,,,,,,,
IbusLimitCal_PdSink_CVT_CC_VBAT3V8_VBUS5V,BatteryCharger,,Y,,,,,,,,
IbusLimitCal_PdSink_CVT_CC_VBAT3V8_VBUS9V,BatteryCharger,,Y,,,,,,,,
IbusLimitCal_PdSink_CVT_CC_VBAT3V8_VBUS12V,BatteryCharger,,Y,,,,,,,,
IbusLimitCal_PdSink_CVT_CC_VBAT3V8_VBUS15V,BatteryCharger,,Y,,,,,,,,
BuckBoostEfficiency_VBAT4V35_PPVBUS_PROT_4V25,BatteryCharger,,Y,,,,,,,,
BoostEfficiency_VBAT3V2_VBUS5V,BatteryCharger,,Y,,,,,,,,
IbattLimit_Constant_I_VBAT3V9_VBUS15V,BatteryCharger,,Y,,,,,,,,
LDCM_Initial,USBC,,Y,,,,,,,,
LDCM_MUX_Off,USBC,,Y,,,,,,,,
LDCM_ZREF_110Hz,USBC,,Y,,,,,,,,
LDCM_Trace_Open,USBC,,Y,,,,,,,,
LDCM_Trace_1nF,USBC,,Y,,,,,,,,
LDCM_Trace_2nF,USBC,,Y,,,,,,,,
LDCM_Trace_3nF,USBC,,Y,,,,,,,,
LDCM_Trace_1M,USBC,,Y,,,,,,,,
LDCM_Trace_1M5,USBC,,Y,,,,,,,,
LDCM_Trace_300K1nF5,USBC,,Y,,,,,,,,
LDCM_Trace_10K200nF,USBC,,Y,,,,,,,,
LDCM_AceSBU1_Open,USBC,,Y,,,,,,,,
LDCM_AceSBU1_1nF,USBC,,Y,,,,,,,,
LDCM_AceSBU1_2nF,USBC,,Y,,,,,,,,
LDCM_AceSBU1_3nF,USBC,,Y,,,,,,,,
LDCM_AceSBU1_1M,USBC,,Y,,,,,,,,
LDCM_AceSBU1_1M5,USBC,,Y,,,,,,,,
LDCM_AceSBU1_300K1nF5,USBC,,Y,,,,,,,,
LDCM_AceSBU1_10K200nF,USBC,,Y,,,,,,,,
LDCM_AceSBU2_Open,USBC,,Y,,,,,,,,
LDCM_AceSBU2_1nF,USBC,,Y,,,,,,,,
LDCM_AceSBU2_2nF,USBC,,Y,,,,,,,,
LDCM_AceSBU2_3nF,USBC,,Y,,,,,,,,
LDCM_AceSBU2_1M,USBC,,Y,,,,,,,,
LDCM_AceSBU2_1M5,USBC,,Y,,,,,,,,
LDCM_AceSBU2_300K1nF5,USBC,,Y,,,,,,,,
LDCM_AceSBU2_10K200nF,USBC,,Y,,,,,,,,
LDCM_Loopback,USBC,,Y,,,,,,,,
LDCM_MUX_Off_1,USBC,,Y,,,,,,,,
LDCM_Trace_Default,USBC,,Y,,,,,,,,
LDCM_Trace_OVP5V,USBC,,Y,,,,,,,,
LDCM_Trace_OVP0V,USBC,,Y,,,,,,,,
LDCM_Trace_OVP17V,USBC,,Y,,,,,,,,
LDCM_Trace_OVP0V_1,USBC,,Y,,,,,,,,
LDCM_Trace_Default_1,USBC,,Y,,,,,,,,
LDCM_End,USBC,,Y,,,,,,,,
LDCM_Initial_CC1Enabled_VBUSOn,USBC,,Y,,,,,,Y,,
LDCM_CC1Disabled_VBUSOff,USBC,,Y,,,,,,,,
LDCM_CC1Enabled_VBUSOn,USBC,,Y,,,,,,,,
FR_DmicC3_PDM1KHz,Mic,,Y,,,,,,,,
FR_DmicFHC_PDM1KHz,Mic,,Y,,,,,,,,
Info_Boost,Speaker,,Y,,,,,,,,
Info_Boost_Master,Speaker,,Y,,,,,,,,
Info_Boost_1,Speaker,,Y,,,,,,,,
BoostOperatingState_Master_IDLE,Speaker,,Y,,,,,,,,
Info_Boost_2,Speaker,,Y,,,,,,,,
Info_Boost_Master_1,Speaker,,Y,,,,,,,,
Info_Boost_3,Speaker,,Y,,,,,,,,
AmpIVSense_CNWoofer_Info,Speaker,,Y,,,,,,,,
AmpIVSense_CNWoofer_IDLE_Measurement,Speaker,,Y,,,,,,,,
AmpIVSense_FHWoofer_Info,Speaker,,Y,,,,,,,,
AmpIVSense_FHWoofer_IDLE_Measurement,Speaker,,Y,,,,,,,,
AmpIVSense_CNWoofer_4R_VBAT4V3,Speaker,,Y,,,,,,,,
AmpIVSense_FHWoofer_4R_VBAT4V3,Speaker,,Y,,,,,,,,
AmpIVSense_CNWoofer_4R_VBAT4V3_1,Speaker,,Y,,,,,,,,
AmpIVSense_FHWoofer_4R_VBAT4V3_1,Speaker,,Y,,,,,,,,
BoostBrownoutThreshold_Master,Speaker,,Y,,,,,,,,
BoostCTRL_CNWooferToMaster_IDLE,Speaker,,Y,,,,,,,,
BoostCTRL_CNWooferToMaster_TONE,Speaker,,Y,,,,,,,,
BoostCTRL_FHWooferToMaster_IDLE,Speaker,,Y,,,,,,,,
BoostCTRL_FHWooferToMaster_TONE,Speaker,,Y,,,,,,,,
BoostIRQCheck_Master_VBAT4V3,Speaker,,Y,,,,,,,,
AmpIVSense_CNWoofer_IRQCheck_MUTE,Speaker,,Y,,,,,,,,
AmpIVSense_FHWoofer_IRQCheck_MUTE,Speaker,,Y,,,,,,,,
AmpIVSense_FHWoofer_IRQCheck,Speaker,,Y,,,,,,,,
AmpIVSense_CNWoofer_IRQCheck,Speaker,,Y,,,,,,,,
Discharge_SpeakerBoost,Power,,Y,,,,,,,,
PerfState_VBUSOff_VBAT4V3,SOC,,Y,,,,,,,,
PerfState_State0_VBAT4V3,SOC,,Y,,,,,,,,
PerfState_State1_VBAT4V3,SOC,,Y,,,,,,,,
PerfState_State2_VBAT4V3,SOC,,Y,,,,,,,,
PerfState_State3_VBAT4V3,SOC,,Y,,,,,,,,
PerfState_State4_VBAT4V3,SOC,,Y,,,,,,,,
PerfState_State5_VBAT4V3,SOC,,Y,,,,,,,,
PerfState_State6_VBAT4V3,SOC,,Y,,,,,,,,
PerfState_State7_VBAT4V3,SOC,,Y,,,,,,,,
PerfState_State8_VBAT4V3,SOC,,Y,,,,,,,,
PerfState_State9_VBAT4V3,SOC,,Y,,,,,,,,
PerfState_State10_VBAT4V3,SOC,,Y,,,,,,,,
PerfState_State11_VBAT4V3,SOC,,Y,,,,,,,,
PerfState_State12_VBAT4V3,SOC,,Y,,,,,,,,
PerfState_State13_VBAT4V3,SOC,,Y,,,,,,,,
PerfState_State14_VBAT4V3,SOC,,Y,,,,,,,,
PerfState_State15_VBAT4V3,SOC,,Y,,,,,,,,
PerfState_State16_VBAT4V3,SOC,,Y,,,,,,,,
PerfState_State17_VBAT4V3,SOC,,Y,,,,,,,,
PerfState_State18_VBAT4V3,SOC,,Y,,,,,,,,
PerfState_State19_VBAT4V3,SOC,,Y,,,,,,,,
CurrentCheck_Hibernation,Power,,Y,,,,,,,,
VoltageCheck_Hibernation,Power,,Y,,,,,,,,
VoltageCheck_Wakeup,Power,,Y,,,,,,,,
Transition_Diags_WakeUp_VBAT4V3_VBUS5V,Process,,Y,,,,,,,,
USB2.0DataTransfer_TOP_PdSourceCC1,USBC,,Y,,,,,,,,
USB2.0DataTransfer_BOT_PdSourceCC2,USBC,,Y,,,,,,,,
USB_SSPresence_Pair1_PdSourceSS,USBC,,Y,,,,,,Y,,
PdSource_VBUS_CREload1A5_CC1,USBC,,Y,,,,,,Y,,
BoostEfficiency_Ace_PdSource_VBATT4V3_CCEload0mA,USBC,,Y,,,,,,,,
BoostEfficiency_Ace_PdSource_VBATT4V3_CCEload1A5,USBC,,Y,,,,,,,,
USB_SSPresence_Pair2_PdSourceSS,USBC,,Y,,,,,,,,
PdSource_VCON_CC1_CCEload400mA,USBC,,Y,,,,,,,,
PdSource_VCON_CC2_CC450mA_VBUS_CR1A5,USBC,,Y,,,,,,,,
I2C_Connectivity_Check,SOC,,Y,,,,,,,,
IbusLimitCal_PdSink_HCCM_CC_VBAT3V9_VBUS5V3A,BatteryCharger,,Y,,,,,,,,
IbusLimitCal_PdSink_HCCM_CC_VBAT4V3_VBUS5V3A,BatteryCharger,,Y,,,,,,,,
IbusLimitCal_PdSink_HCCM_CC_VBAT4V3_VBUS12V3A,BatteryCharger,,Y,,,,,,,,
IbusLimitCal_PdSink_HCCM_CC_VBAT4V3_VBUS15V2A5,BatteryCharger,,Y,,,,,,,,
Syscfg_SanityCheck_CBAT,BatteryCharger,,Y,,,,,,,,
GPIOCheck_2,PMU,,Y,,,,,,,,
GPIOCheck_3,Touch,,Y,,,,,,,,
GPIOCheck_4,PMU,,Y,,,,,,,,
GPIOCheck_5,Mesa,,Y,,,,,,,,
GPIOCheck_6,SOC,,Y,,,,,,,,
VbusDetect_VBUS4V5,USBC,,Y,,,,,,,,
FinishProcessControl,Process,,Y,,,,,,,,
CurrentCheck_ShutDown,Power,,Y,,,,,,,,
Reset,Fixture,,Y,,,,,,,,
Discharge_End,Power,,Y,,,,,,,,
VoltageCheck_Safety_End_VBAT4V3,Power,,Y,,,,,,,,
Reset_1,Fixture,,Y,,,,,,,,
Discharge_End_1,Power,,Y,,,,,,,,