{
    "monitorUart":1,
    "rpc_connect":[
        "169.254.1.32:7801",
        "169.254.1.32:7802",
        "169.254.1.32:7803",
        "169.254.1.32:7804",
    ],

    "power_led_off":[
        "io.set(bit49=1;bit50=1;bit51=1)",
    ],
    "power_led_red":[
        "io.set(bit49=0;bit50=1;bit51=1)",
    ],
    "power_led_green":[
        "io.set(bit49=1;bit50=0;bit51=1)",
    ],
    "power_led_blue":[
        "io.set(bit49=1;bit50=1;bit51=0)",
    ],
    "uut1_led_off":[
        "io.set(bit52=1;bit53=1;bit54=1)",
    ],
    "uut1_led_red":[
        "io.set(bit52=0;bit53=1;bit54=1)",
    ],
    "uut1_led_green":[
        "io.set(bit52=1;bit53=0;bit54=1)",
    ],
    "uut1_led_blue":[
        "io.set(bit52=1;bit53=1;bit54=0)",
    ],
    "uut2_led_off":[
        "io.set(bit55=1;bit56=1;bit57=1)",
    ],
    "uut2_led_red":[
        "io.set(bit55=0;bit56=1;bit57=1)",
    ],
    "uut2_led_green":[
        "io.set(bit55=1;bit56=0;bit57=1)",
    ],
    "uut2_led_blue":[
        "io.set(bit55=1;bit56=1;bit57=0)",
    ],
    "uut3_led_off":[
        "io.set(bit65=1;bit66=1;bit67=1)",
    ],
    "uut3_led_red":[
        "io.set(bit65=0;bit66=1;bit67=1)",
    ],
    "uut3_led_green":[
        "io.set(bit65=1;bit66=0;bit67=1)",
    ],
    "uut3_led_blue":[
        "io.set(bit65=1;bit66=1;bit67=0)",
    ],
    "uut4_led_off":[
        "io.set(bit68=1;bit69=1;bit70=1)",
    ],
    "uut4_led_red":[
        "io.set(bit68=0;bit69=1;bit70=1)",
    ],
    "uut4_led_green":[
        "io.set(bit68=1;bit69=0;bit70=1)",
    ],
    "uut4_led_blue":[
        "io.set(bit68=1;bit69=1;bit70=0)",
    ],
    "reset":[
        "ocp.set(batt_ocp_dac,0)",
        "ocp.set(vbus_ocp_dac,0)",
        "io.set(bit24=1)",
        "Delay:0.05",
        "batt.volt_set(0)",
        "reset_all.reset()",
        "io.set(bit49=0;bit50=1;bit51=1)",
        "io.set(bit52=1;bit53=1;bit54=1)",
        "io.set(bit55=1;bit56=1;bit57=1)",
        "io.set(bit65=1;bit66=1;bit67=1)",
        "io.set(bit68=1;bit69=1;bit70=1)",
        "io.set(bit27=1;bit28=0;bit29=0)",
        "fan.speed_set(4000,0)",
    ],
    "set_fan_speed":[
        "io.set(bit27=1;bit29=1)",
        "Delay:0.2",
        "fan.speed_set(4000,?)",
    ],
    "get_fan_speed":[
        "io.set(bit27=1)",
        "Delay:0.2",
        "fan.speed_get(?)",
    ],
    "force_diags_on":[
        "batt.volt_set(0)",
        "reset_all.reset()",
        "io.set(bit39=0;bit24=0;bit40=0;bit34=0;bit22=0;bit26=0;bit30=1;bit42=1;bit43=1)",
        "Delay:2",
        "io.set(bit30=0;bit42=0;bit43=0)",
        "batt.volt_set(4200)",
        "io.set(bit39=1;bit24=1;bit40=1;bit34=1;bit26=1;bit22=1)",
    ],
    "force_diags_off":[
        "io.set(bit26=0;bit22=0;bit42=1)",
        "io.set(bit42=1)",
        "Delay:0.5",
        "batt.volt_set(0)",
        "io.set(bit40=0;bit30=1)",
        "io.set(bit30=1;bit42=1;bit43=1)",
        "Delay:2",
        "reset_all.reset()",
    ],
    "force_dfu_on":[
        "io.set(bit30=0;bit42=0;bit43=0)",
        "batt.volt_set(0)",
        "reset_all_reset()",
        "Delay:0.1",
        "batt.volt_set(4200)",
        "io.set(bit30=0;bit42=0;bit43=0;bit34=1;bit39=1;bit40=1;bit32=1;bit35=1;bit26=1;bit22=1)"
    ],
    "force_dfu_off":[
        "io.set(bit26=0;bit22=0;bit42=1)",
        "io.set(bit42=1)",
        "Delay:0.3",
        "batt.volt_set(0)",
        "io.set(bit40=0;bit30=1)",
        "io.set(bit30=1;bit42=1;bit43=1)",
        "Delay:2",
        "reset_all.reset()",
    ],
    "others_test_on":[
        "reset_all.reset()",
    ],
    "others_test_off":[
        "reset_all.reset()",
    ]
}
